{
    "root_group": {
        "checks": {
            "status is 201": {
                "path": "::status is 201",
                "id": "ec8c9afd59577ad0eb26fbf150ecf791",
                "passes": 2169,
                "fails": 0,
                "name": "status is 201"
            }
        },
        "name": "",
        "path": "",
        "id": "d41d8cd98f00b204e9800998ecf8427e",
        "groups": {}
    },
    "metrics": {
        "checks": {
            "passes": 2169,
            "fails": 0,
            "value": 1
        },
        "data_sent": {
            "count": 298440,
            "rate": 29756.22556787075
        },
        "vus_max": {
            "value": 10,
            "min": 10,
            "max": 10
        },
        "data_received": {
            "count": 197379,
            "rate": 19679.848701115003
        },
        "http_req_receiving": {
            "max": 7.00725,
            "p(90)": 0.10467520000000002,
            "p(95)": 0.16443279999999982,
            "avg": 0.06922845550945149,
            "min": 0.007083,
            "med": 0.042334
        },
        "http_reqs": {
            "rate": 216.2620736386264,
            "count": 2169
        },
        "http_req_duration{expected_response:true}": {
            "p(95)": 67.781842,
            "avg": 45.989991106039554,
            "min": 21.78175,
            "med": 44.30225,
            "max": 115.799833,
            "p(90)": 61.991516000000004
        },
        "http_req_duration": {
            "p(90)": 61.991516000000004,
            "p(95)": 67.781842,
            "avg": 45.989991106039554,
            "min": 21.78175,
            "med": 44.30225,
            "max": 115.799833
        },
        "http_req_sending": {
            "med": 0.00775,
            "max": 1.338334,
            "p(90)": 0.019733000000000007,
            "p(95)": 0.03351659999999999,
            "avg": 0.014877204241585978,
            "min": 0.002292
        },
        "http_req_failed": {
            "passes": 0,
            "fails": 2169,
            "value": 0
        },
        "iterations": {
            "count": 2169,
            "rate": 216.2620736386264
        },
        "http_req_connecting": {
            "p(95)": 0,
            "avg": 0.007668664361456893,
            "min": 0,
            "med": 0,
            "max": 2.033708,
            "p(90)": 0
        },
        "vus": {
            "value": 10,
            "min": 10,
            "max": 10
        },
        "http_req_blocked": {
            "min": 0.000708,
            "med": 0.002417,
            "max": 3.53775,
            "p(90)": 0.0040412,
            "p(95)": 0.006633199999999992,
            "avg": 0.018674070078377042
        },
        "http_req_tls_handshaking": {
            "med": 0,
            "max": 0,
            "p(90)": 0,
            "p(95)": 0,
            "avg": 0,
            "min": 0
        },
        "iteration_duration": {
            "avg": 46.17231418165051,
            "min": 21.903041,
            "med": 44.479292,
            "max": 115.943833,
            "p(90)": 62.1235746,
            "p(95)": 67.9368004
        },
        "http_req_waiting": {
            "med": 44.226625,
            "max": 115.738958,
            "p(90)": 61.9457,
            "p(95)": 67.6591578,
            "avg": 45.90588544628863,
            "min": 21.7125
        }
    }
}